accuracy,precision,recall,f1
0.4333333333333333,0.1,0.2,0.13333333333333333
